round,total_sales,net_profit,new_seasonality
34,62321.32859925081,52321.32859925081,
35,3404.9034436882866,404.90344368828664,49979.75482781559
36,,,
37,4409.236615641518,1409.2366156415183,49929.53816921792
38,4409.236615641518,1409.2366156415183,49929.53816921792
39,4409.236615641518,1409.2366156415183,49929.53816921792
40,5262.393698908696,2262.393698908696,49886.880315054565
